{"cameraMode":{"drawMode":0,"name":"Shaded","section":"Shading Mode"},"sceneLighting":true,"audioPlay":false,"sceneViewState":{"m_AlwaysRefresh":false,"showFog":true,"showSkybox":true,"showFlares":true,"showImageEffects":true,"showParticleSystems":true,"showVisualEffectGraphs":true,"m_FxEnabled":true},"in2DMode":false,"pivot":{"x":6.901113510131836,"y":6.783008098602295,"z":-1.3091387748718262},"rotation":{"x":0.035610660910606387,"y":-0.1957295835018158,"z":0.00706361373886466,"w":0.9800280928611755},"size":6.867236614227295,"orthographic":false}