{"cameraMode":{"drawMode":0,"name":"Shaded","section":"Shading Mode"},"sceneLighting":true,"audioPlay":false,"sceneViewState":{"m_AlwaysRefresh":false,"showFog":true,"showSkybox":true,"showFlares":true,"showImageEffects":true,"showParticleSystems":true,"showVisualEffectGraphs":true,"m_FxEnabled":true},"in2DMode":false,"pivot":{"x":20.13995933532715,"y":10.177680015563965,"z":-11.511614799499512},"rotation":{"x":0.02735750563442707,"y":0.44769057631492617,"z":0.013703402131795884,"w":-0.8936816453933716},"size":2.666025161743164,"orthographic":false}